18,29,30,27,32,7,5,19,26,29,10,13,23,15,7,4,5,-1,-1,1,2,0,0,3,3,4,3,3,3,2,1,0,1,0,2,0,2,1,4,3,1,3,2,0,0,3,2,0,4,3,4,3,0
24,30,7,11,25,4,8,12,18,-1,-1,-1,-1,-1,-1,-1,-1,-1,-1,2,0,0,1,1,0,1,3,2,1,0,1,1,1,1,0,0,1,1,2,0,0,0,0,1,2,0,2,1,3,2,2,1,1
22,30,28,29,8,33,32,5,27,29,5,16,9,1,13,-1,-1,-1,-1,2,2,1,1,0,3,1,1,3,3,2,1,1,1,0,0,2,1,3,0,0,1,0,2,0,2,2,4,2,4,3,3,2,3
20,17,30,9,33,32,7,8,0,14,17,28,13,-1,-1,-1,-1,-1,-1,3,0,0,0,0,0,0,2,2,2,2,0,0,2,3,2,0,3,1,0,0,0,2,1,0,3,3,4,3,3,3,3,2,2
24,30,0,30,32,19,16,15,26,11,-1,-1,-1,-1,-1,-1,-1,-1,-1,2,1,0,0,0,0,0,1,1,1,1,1,0,0,0,2,2,2,1,1,0,1,3,0,0,0,2,3,2,3,3,2,2,2
2,0,29,19,8,1,10,3,33,33,8,21,24,1,31,26,-1,-1,-1,4,4,1,1,0,2,0,0,3,2,2,0,1,0,0,1,3,3,1,1,0,2,0,2,3,1,3,4,3,3,4,3,2,4
12,23,19,18,20,2,33,3,16,28,27,18,-1,-1,-1,-1,-1,-1,-1,4,2,2,1,1,1,0,2,2,2,1,0,0,0,0,1,2,0,3,2,1,1,0,1,0,1,1,2,2,1,1,3,0,4
20,27,28,14,31,31,0,0,2,11,28,-1,-1,-1,-1,-1,-1,-1,-1,3,1,3,1,0,0,0,0,2,0,0,2,0,0,1,0,3,2,1,0,0,0,0,0,0,1,2,2,3,3,4,3,2,1
15,28,18,27,29,32,9,25,19,31,9,25,16,26,13,-1,-1,-1,-1,3,1,2,1,0,0,1,1,0,2,1,0,0,2,1,1,3,3,1,1,0,1,3,1,0,3,4,3,2,2,3,2,4,4
22,0,17,18,23,32,4,15,-1,-1,-1,-1,-1,-1,-1,-1,-1,-1,-1,1,0,0,0,1,0,1,1,2,1,0,0,1,0,0,2,0,2,2,1,0,0,0,1,0,0,3,2,0,0,0,3,1,3
10,9,32,33,24,15,16,21,17,33,18,-1,-1,-1,-1,-1,-1,-1,-1,0,1,0,0,0,0,3,0,0,1,1,0,0,0,0,4,3,2,1,0,0,1,0,0,3,1,3,2,1,2,3,1,4,4
5,29,0,25,30,10,18,0,8,20,30,24,12,20,11,30,32,23,-1,4,1,1,0,0,1,1,3,4,3,4,3,2,0,0,0,0,3,3,0,3,0,1,1,1,3,4,2,4,4,4,2,4,4
22,31,33,26,14,25,21,6,23,11,9,1,-1,-1,-1,-1,-1,-1,-1,3,3,0,0,1,0,1,0,1,3,0,2,0,0,3,0,0,3,0,2,0,1,1,2,0,3,4,2,0,0,3,3,1,3
16,30,33,31,28,26,18,27,32,10,32,28,26,21,10,-1,-1,-1,-1,2,2,3,1,0,1,2,2,3,0,3,1,0,1,1,0,1,3,1,0,0,2,0,0,0,1,3,3,4,2,2,3,4,3
1,28,31,18,24,30,30,26,8,8,-1,-1,-1,-1,-1,-1,-1,-1,-1,1,1,0,0,0,0,0,0,3,1,0,0,0,0,0,0,0,1,4,0,1,0,3,0,4,1,1,0,2,2,4,3,3,1
21,27,32,17,0,-1,-1,-1,-1,-1,-1,-1,-1,-1,-1,-1,-1,-1,-1,2,1,0,0,0,0,0,0,0,1,0,0,0,0,0,0,0,2,0,0,0,0,0,0,0,0,1,2,2,0,0,1,3,2
14,8,32,0,20,20,19,13,30,12,2,-1,-1,-1,-1,-1,-1,-1,-1,4,1,3,0,1,0,3,1,2,1,1,0,2,3,0,0,0,2,1,1,2,0,0,1,0,0,0,1,2,2,3,1,3,2
6,29,30,28,27,31,32,8,8,24,24,17,10,26,2,4,-1,-1,-1,2,0,2,1,1,0,1,1,4,1,3,0,0,0,2,0,0,2,3,0,2,2,0,1,3,3,1,3,3,4,3,4,3,3
15,0,1,10,9,24,12,1,-1,-1,-1,-1,-1,-1,-1,-1,-1,-1,-1,3,4,0,0,1,0,0,0,1,2,2,1,2,0,0,1,0,1,0,0,0,1,0,0,1,2,3,0,1,0,0,1,2,2
17,32,33,31,21,22,8,32,19,3,10,15,-1,-1,-1,-1,-1,-1,-1,3,2,0,1,0,0,1,1,2,1,3,0,0,0,0,1,0,1,1,2,2,1,1,1,1,1,2,4,1,2,3,4,2,3
14,0,10,28,28,17,16,8,9,25,22,7,17,-1,-1,-1,-1,-1,-1,2,2,1,0,0,0,0,2,2,3,2,0,0,1,1,0,4,3,3,2,0,1,1,1,0,2,2,1,3,0,3,2,3,3
26,31,30,16,25,6,1,16,4,-1,-1,-1,-1,-1,-1,-1,-1,-1,-1,1,2,0,0,2,0,1,0,0,3,1,0,0,0,1,0,3,1,3,3,0,0,0,1,1,2,2,3,0,2,1,3,0,2
2,30,31,13,22,11,9,29,33,28,6,1,10,30,9,29,27,11,18,3,3,0,2,0,0,2,4,0,4,3,3,0,2,0,0,0,4,3,2,3,2,4,2,0,1,0,4,3,4,3,2,4,4
22,29,28,27,25,33,4,15,11,27,23,23,2,13,-1,-1,-1,-1,-1,0,3,1,0,1,0,0,3,0,2,0,2,0,1,0,3,3,2,1,0,0,0,0,2,0,4,4,4,3,3,2,2,3,4
32,30,19,8,22,2,27,31,1,2,12,26,14,6,-1,-1,-1,-1,-1,0,2,3,0,0,0,2,2,3,1,0,2,2,1,3,0,1,1,3,2,4,2,1,0,2,1,3,1,1,0,4,2,0,3
17,1,16,7,3,19,21,19,4,33,-1,-1,-1,-1,-1,-1,-1,-1,-1,2,1,0,1,1,0,0,1,1,1,1,0,1,0,1,0,1,2,0,4,1,2,1,0,0,0,0,2,1,1,1,4,1,2
23,29,32,28,3,11,22,24,18,5,10,3,31,10,20,21,27,28,-1,3,4,1,3,0,2,0,0,0,3,3,2,1,1,0,1,1,1,4,3,3,3,2,2,2,3,0,4,4,4,2,2,3,3
12,18,10,27,32,2,8,0,33,24,26,0,8,25,-1,-1,-1,-1,-1,4,2,2,2,0,0,0,1,3,1,3,2,0,0,1,0,0,4,3,0,0,0,0,0,3,1,3,3,2,1,2,4,3,2
26,28,30,31,17,32,29,5,3,0,24,12,4,-1,-1,-1,-1,-1,-1,3,2,0,3,3,3,0,0,1,2,3,0,1,0,0,0,0,4,3,0,0,0,0,1,2,2,2,3,1,3,3,2,2,1
24,33,27,6,33,28,29,22,3,9,12,33,23,2,3,17,-1,-1,-1,2,1,2,2,0,0,3,3,3,3,0,0,1,0,0,0,0,3,0,4,2,0,3,3,1,0,1,4,3,3,2,3,4,4
11,5,5,3,25,24,22,26,9,30,8,1,6,6,0,15,21,-1,-1,4,4,1,4,1,4,4,2,3,1,0,1,1,0,0,2,0,0,1,1,1,1,3,0,4,3,3,2,3,0,4,4,3,0
24,30,18,8,9,12,29,5,4,10,31,16,-1,-1,-1,-1,-1,-1,-1,1,1,0,3,1,1,1,0,2,1,3,2,1,0,1,0,2,2,2,2,1,2,1,0,1,0,0,1,1,2,2,3,2,0
20,30,27,8,8,7,3,2,27,-1,-1,-1,-1,-1,-1,-1,-1,-1,-1,3,0,1,2,0,1,0,2,3,1,0,0,1,0,1,1,0,0,1,0,0,2,0,0,3,0,1,2,1,2,1,2,2,0
8,0,4,22,6,11,21,-1,-1,-1,-1,-1,-1,-1,-1,-1,-1,-1,-1,1,2,0,0,1,1,2,0,1,0,0,2,1,0,0,0,1,0,1,0,0,1,1,0,0,1,2,0,3,1,3,0,1,1
23,8,28,29,10,30,32,13,18,9,18,5,-1,-1,-1,-1,-1,-1,-1,1,1,1,1,1,1,2,2,2,3,1,2,1,3,1,0,1,3,4,0,1,0,1,1,0,2,0,0,3,2,3,3,1,0
10,18,27,24,11,15,7,31,22,12,29,6,-1,-1,-1,-1,-1,-1,-1,1,0,0,0,0,0,2,3,0,3,1,3,2,1,0,4,0,3,4,0,0,1,1,0,3,1,2,3,0,3,2,2,0,0
15,27,9,8,24,4,23,-1,-1,-1,-1,-1,-1,-1,-1,-1,-1,-1,-1,0,0,0,0,1,0,0,0,1,3,0,1,0,0,0,1,0,0,0,2,0,0,0,1,1,1,2,3,2,2,1,1,1,1
11,27,18,31,5,7,32,24,8,21,13,0,23,21,20,17,-1,-1,-1,3,2,1,1,1,3,2,3,4,0,1,0,1,2,0,0,0,4,3,0,2,4,0,4,2,0,0,4,2,2,2,2,3,3
26,31,33,18,14,31,15,16,14,1,27,5,27,11,-1,-1,-1,-1,-1,2,4,0,0,0,3,1,2,3,0,0,2,0,2,3,3,4,2,3,1,0,0,0,0,0,1,1,4,3,2,2,2,1,4
22,9,32,25,22,12,16,4,1,-1,-1,-1,-1,-1,-1,-1,-1,-1,-1,1,2,0,0,1,0,0,0,1,1,0,0,1,0,1,2,1,3,0,0,1,0,1,0,1,2,2,2,2,2,1,2,2,0
5,13,9,22,1,16,0,15,28,2,23,0,-1,-1,-1,-1,-1,-1,-1,2,2,2,0,0,0,0,0,1,2,4,1,1,3,0,1,1,2,0,2,0,0,3,2,0,0,1,0,3,2,0,4,4,3
32,0,8,19,19,24,3,3,16,9,17,21,-1,-1,-1,-1,-1,-1,-1,3,3,0,2,0,0,1,0,2,3,1,0,0,1,0,2,3,4,1,3,0,1,0,0,4,2,2,3,1,4,0,1,0,2
10,27,18,32,30,14,5,28,4,21,6,-1,-1,-1,-1,-1,-1,-1,-1,0,2,2,0,1,3,2,3,1,0,2,0,1,0,1,0,0,2,2,1,0,2,0,0,0,0,1,3,2,4,2,1,3,0
26,29,33,8,10,9,18,17,9,29,12,6,32,1,0,-1,-1,-1,-1,3,1,0,1,1,1,1,0,1,4,2,1,4,0,3,2,0,3,3,1,0,1,1,0,1,1,2,2,3,4,1,1,4,2
11,30,13,7,15,25,22,23,-1,-1,-1,-1,-1,-1,-1,-1,-1,-1,-1,0,0,0,0,0,0,0,2,2,0,2,0,0,1,0,1,0,1,1,0,0,1,2,1,0,1,2,2,3,0,4,3,0,0
14,32,27,5,31,13,3,2,16,24,9,18,6,-1,-1,-1,-1,-1,-1,1,2,1,1,0,1,1,2,2,3,1,0,0,1,2,2,1,1,3,0,1,0,1,2,2,1,1,2,1,2,1,2,1,1
13,30,27,27,7,14,24,21,9,21,24,30,22,2,4,8,-1,-1,-1,3,1,2,0,2,0,0,2,2,2,0,2,2,0,1,0,0,0,2,2,1,4,3,2,4,3,3,4,2,3,4,4,3,0
21,28,12,18,19,29,6,33,8,28,6,11,26,3,32,7,6,-1,-1,0,2,3,2,2,0,4,2,3,2,2,2,4,0,0,0,0,1,4,2,2,0,1,1,0,2,3,2,4,3,4,4,3,2
33,31,16,21,10,10,1,17,20,4,-1,-1,-1,-1,-1,-1,-1,-1,-1,0,1,0,0,1,0,0,1,1,2,2,1,0,2,0,0,3,3,1,1,1,1,0,2,1,0,0,1,1,2,0,3,2,3
2,29,26,27,20,4,0,18,-1,-1,-1,-1,-1,-1,-1,-1,-1,-1,-1,3,1,1,1,2,0,0,0,0,0,0,0,0,0,0,0,0,1,2,2,2,1,0,1,0,0,3,1,1,4,2,0,1,0
20,27,31,33,14,3,6,10,30,28,30,25,8,7,-1,-1,-1,-1,-1,3,0,0,2,1,0,3,1,4,2,1,0,2,1,3,2,1,3,2,2,0,0,1,1,0,1,1,1,2,3,3,2,0,4
23,18,5,3,15,22,8,5,24,32,5,12,18,9,13,-1,-1,-1,-1,3,1,0,3,3,3,3,4,3,3,1,3,1,1,0,1,0,4,4,0,0,2,1,1,1,0,0,0,1,2,2,1,2,3
23,8,32,3,10,29,29,19,16,6,3,11,18,32,-1,-1,-1,-1,-1,3,1,3,3,1,4,3,3,4,1,1,1,0,0,0,0,3,2,2,2,1,0,0,0,0,0,1,0,2,3,0,4,4,3
26,17,0,0,10,15,21,30,32,21,11,32,8,9,1,4,-1,-1,-1,4,3,1,1,1,2,2,1,3,3,2,2,1,0,0,1,0,2,1,1,1,2,1,1,0,0,2,2,2,3,4,3,2,2
20,17,32,12,33,2,14,33,21,29,-1,-1,-1,-1,-1,-1,-1,-1,-1,2,1,1,0,0,0,1,0,1,1,0,0,3,0,1,0,3,2,0,0,2,2,0,0,0,1,2,3,2,3,0,1,3,3
1,24,5,26,27,22,19,29,23,17,10,3,-1,-1,-1,-1,-1,-1,-1,2,2,0,2,0,1,0,1,1,1,3,1,0,1,0,0,1,2,2,2,1,0,2,1,2,2,3,3,1,2,2,1,1,1
24,26,31,10,19,26,7,14,33,32,0,18,6,-1,-1,-1,-1,-1,-1,3,3,1,0,1,3,2,3,1,1,1,0,0,1,1,0,1,1,2,1,0,0,2,1,3,1,2,2,2,1,2,2,2,2
24,27,1,17,0,8,32,16,17,19,10,3,0,21,14,-1,-1,-1,-1,3,3,1,4,0,0,0,0,3,2,1,1,0,1,3,0,4,4,1,2,1,1,1,0,0,2,2,4,1,4,1,1,1,2
25,29,10,30,26,9,4,19,30,18,16,30,13,-1,-1,-1,-1,-1,-1,0,0,0,0,1,0,2,2,1,4,2,4,3,2,1,1,3,0,4,4,0,1,0,0,1,1,3,2,2,3,3,2,1,0
26,27,19,18,22,11,25,24,9,17,3,32,17,4,-1,-1,-1,-1,-1,3,2,0,1,2,0,1,2,0,1,4,2,0,0,0,0,1,3,2,2,1,1,1,0,1,3,2,4,3,2,2,3,1,0
25,30,31,10,29,29,2,20,17,-1,-1,-1,-1,-1,-1,-1,-1,-1,-1,3,2,1,0,0,0,1,0,0,0,2,0,0,0,0,0,0,2,2,0,1,0,0,0,0,1,1,4,1,4,3,2,0,2
19,4,16,17,4,32,14,14,2,9,25,30,13,-1,-1,-1,-1,-1,-1,1,1,2,1,2,1,0,2,2,2,2,0,0,1,4,1,3,2,2,1,1,0,0,0,0,3,1,2,1,3,3,3,2,0
19,30,28,16,13,5,32,32,30,4,18,4,-1,-1,-1,-1,-1,-1,-1,0,1,0,1,2,1,0,1,0,3,1,0,1,2,0,1,3,1,2,2,0,0,0,0,0,1,1,2,1,2,4,3,4,2
14,29,28,25,31,6,16,26,25,30,12,-1,-1,-1,-1,-1,-1,-1,-1,1,1,0,0,0,0,1,0,4,1,0,1,2,0,0,0,2,3,3,0,1,0,0,0,0,3,3,0,3,3,3,3,1,3
3,33,23,13,7,-1,-1,-1,-1,-1,-1,-1,-1,-1,-1,-1,-1,-1,-1,0,0,0,0,0,0,0,3,1,2,0,0,0,2,0,0,0,1,0,0,0,0,1,1,0,0,1,0,1,1,0,0,0,2
20,31,9,32,7,8,29,19,10,26,-1,-1,-1,-1,-1,-1,-1,-1,-1,2,0,0,0,0,0,0,3,3,2,2,0,0,0,0,0,0,2,2,2,2,0,2,0,0,1,2,1,1,2,2,1,2,1
26,30,9,6,1,0,11,0,4,10,8,23,-1,-1,-1,-1,-1,-1,-1,3,2,2,0,1,3,1,1,2,3,1,2,0,0,0,0,1,2,3,0,1,1,0,2,0,1,0,1,2,2,4,2,0,3
10,17,27,30,26,19,23,26,-1,-1,-1,-1,-1,-1,-1,-1,-1,-1,-1,2,0,0,1,0,0,1,0,2,1,1,0,0,1,0,1,1,1,1,2,1,0,0,2,0,1,3,1,0,2,1,1,2,1
24,29,14,20,1,22,18,26,19,-1,-1,-1,-1,-1,-1,-1,-1,-1,-1,0,3,0,0,0,0,0,0,0,1,1,1,0,0,2,2,0,1,2,1,3,2,2,0,1,3,2,0,1,1,1,0,0,2
22,7,14,4,1,11,13,3,11,9,2,9,-1,-1,-1,-1,-1,-1,-1,2,1,2,3,3,2,0,1,4,2,0,3,0,2,1,3,2,4,0,0,0,0,0,0,0,0,1,1,0,3,2,0,1,1
14,9,33,33,31,7,17,10,11,30,26,26,33,21,5,11,2,-1,-1,1,2,2,0,0,1,1,3,4,4,3,3,3,0,0,2,1,4,2,0,0,3,0,0,3,1,4,2,1,3,2,3,4,4
5,30,13,2,17,29,2,22,7,14,25,-1,-1,-1,-1,-1,-1,-1,-1,2,2,3,0,0,1,0,2,1,3,1,0,0,1,3,2,2,3,0,2,0,0,2,0,0,1,0,1,0,3,2,1,3,0
12,31,33,32,30,25,26,3,1,26,20,7,-1,-1,-1,-1,-1,-1,-1,2,1,1,2,1,0,0,2,0,1,0,1,1,0,0,0,0,1,1,2,3,0,0,1,2,2,3,1,2,2,4,2,3,3
20,29,25,16,29,9,13,7,0,0,30,27,17,25,-1,-1,-1,-1,-1,3,2,0,1,0,2,0,1,0,2,2,2,0,3,1,0,2,3,0,2,0,0,0,1,1,3,3,3,3,3,3,1,4,1
13,0,30,31,1,3,8,18,24,-1,-1,-1,-1,-1,-1,-1,-1,-1,-1,2,3,0,1,0,0,0,1,3,2,0,0,0,0,0,0,0,0,1,0,0,1,0,0,1,0,1,2,2,2,4,3,2,1
15,9,17,30,29,27,19,17,8,11,0,13,-1,-1,-1,-1,-1,-1,-1,4,1,1,0,1,0,0,0,2,3,1,2,0,1,0,0,1,3,2,3,0,0,0,0,0,1,3,3,4,3,2,3,2,1
25,33,30,28,31,26,30,10,16,2,22,6,3,28,9,-1,-1,-1,-1,3,0,1,3,0,4,3,0,4,3,4,1,0,1,0,0,2,1,1,3,0,0,2,0,0,0,1,4,2,3,4,3,2,2
3,17,30,33,7,8,6,26,20,1,11,16,19,30,26,-1,-1,-1,-1,1,3,0,1,0,0,3,3,3,3,2,1,0,0,0,2,1,1,3,4,2,0,1,0,0,2,4,0,3,2,3,3,3,3
6,33,29,8,26,13,28,7,9,5,-1,-1,-1,-1,-1,-1,-1,-1,-1,1,0,2,0,1,1,2,2,2,2,0,0,0,1,1,1,2,1,2,1,0,1,0,0,1,1,1,3,2,2,2,0,1,3
18,31,9,30,22,6,-1,-1,-1,-1,-1,-1,-1,-1,-1,-1,-1,-1,-1,0,0,0,0,0,0,1,1,2,2,1,0,0,0,0,0,1,1,2,0,0,0,1,0,0,0,1,1,1,2,3,1,0,2
11,30,28,17,26,8,32,1,0,17,31,28,33,32,12,-1,-1,-1,-1,4,2,1,1,0,1,2,4,4,2,1,3,1,1,1,1,3,2,3,1,1,1,0,0,0,0,3,0,3,0,4,2,4,4
12,31,29,28,21,17,28,2,20,10,21,8,15,20,25,14,15,13,-1,3,3,3,3,0,0,0,0,3,1,1,0,3,3,2,2,0,4,1,2,2,3,2,2,2,3,3,4,4,3,2,2,2,2
9,29,0,32,10,1,13,3,-1,-1,-1,-1,-1,-1,-1,-1,-1,-1,-1,1,1,0,1,0,0,0,0,1,0,1,0,1,2,0,0,2,3,2,0,2,0,0,0,0,0,1,2,2,3,2,1,2,1
4,1,25,5,19,23,24,25,31,27,22,9,10,-1,-1,-1,-1,-1,-1,2,1,0,0,0,1,1,0,2,4,1,1,0,0,1,0,0,3,2,1,1,0,1,3,2,2,2,4,4,2,1,3,0,3
22,8,0,11,27,12,14,15,23,8,23,-1,-1,-1,-1,-1,-1,-1,-1,2,0,0,0,0,0,2,2,3,2,3,2,3,0,1,1,0,0,0,0,0,0,0,2,0,2,1,1,4,3,1,2,2,2
7,29,26,25,32,27,27,3,17,15,6,28,15,11,23,12,6,-1,-1,2,3,2,2,1,2,3,2,4,0,1,3,3,0,3,3,1,4,0,1,1,1,0,4,1,4,4,3,3,4,1,0,2,0
19,28,31,10,21,6,14,-1,-1,-1,-1,-1,-1,-1,-1,-1,-1,-1,-1,0,0,0,1,0,0,1,1,3,2,1,1,0,0,1,0,0,0,2,1,0,1,0,1,0,1,1,0,3,1,1,3,1,0
23,19,18,18,22,13,5,3,6,11,20,27,12,32,25,10,-1,-1,-1,2,0,0,2,0,1,2,2,2,1,2,4,3,2,2,1,0,2,3,2,2,0,3,1,1,2,1,3,2,4,3,2,4,3
25,26,28,31,1,8,7,7,28,32,7,5,18,-1,-1,-1,-1,-1,-1,2,1,2,2,0,1,0,4,1,3,0,0,0,2,0,3,3,3,1,0,0,0,0,1,0,1,1,2,4,2,2,4,3,1
6,8,27,33,31,24,13,12,21,20,9,33,13,32,10,14,-1,-1,-1,2,1,0,0,0,0,0,1,4,4,3,0,2,3,2,1,0,2,3,0,3,2,0,0,3,1,2,4,3,3,3,3,4,3
4,33,19,10,14,14,17,28,32,29,24,-1,-1,-1,-1,-1,-1,-1,-1,3,0,1,2,0,0,2,1,2,1,2,1,0,1,2,0,1,1,0,2,1,1,2,0,2,1,0,0,3,2,1,1,1,2
17,30,18,9,31,1,29,33,9,26,16,0,22,5,27,20,-1,-1,-1,3,2,0,0,0,2,1,0,3,4,3,0,0,2,2,0,2,2,1,1,1,0,3,0,3,2,2,4,3,4,3,3,3,2
22,29,28,8,1,33,26,27,11,10,9,23,1,17,-1,-1,-1,-1,-1,2,3,1,0,1,0,0,1,3,4,4,1,1,1,0,0,1,3,1,1,0,0,1,2,0,0,2,2,4,4,1,0,3,2
14,31,26,17,19,9,3,3,19,-1,-1,-1,-1,-1,-1,-1,-1,-1,-1,0,0,0,3,0,2,0,0,1,2,1,0,1,0,1,0,1,1,2,3,1,0,0,0,0,0,2,1,0,0,2,2,2,1
7,29,28,32,31,22,27,14,32,14,10,33,-1,-1,-1,-1,-1,-1,-1,1,1,1,1,3,2,0,2,2,0,2,2,1,0,2,2,0,0,0,2,1,0,2,0,0,1,1,4,4,3,1,1,2,4
0,26,31,33,27,25,2,15,13,28,25,29,22,-1,-1,-1,-1,-1,-1,1,0,1,1,0,1,0,1,1,0,1,1,0,1,1,3,2,0,3,1,0,1,1,0,1,4,3,3,1,3,2,3,0,4
24,31,33,10,9,22,15,5,28,4,1,-1,-1,-1,-1,-1,-1,-1,-1,0,1,0,1,1,1,0,0,0,2,3,0,2,0,0,3,1,3,2,1,0,0,1,1,1,0,0,3,3,2,1,4,0,3
9,33,16,1,4,0,24,25,29,-1,-1,-1,-1,-1,-1,-1,-1,-1,-1,1,2,1,1,1,1,2,1,2,0,0,0,0,0,0,3,1,1,2,0,0,0,1,0,1,2,1,0,2,2,2,0,1,3
2,30,32,12,9,25,3,28,3,-1,-1,-1,-1,-1,-1,-1,-1,-1,-1,1,0,0,2,0,1,0,0,0,2,1,2,4,0,1,0,0,0,1,0,0,0,0,0,0,4,2,2,2,2,2,0,4,1
8,9,27,1,31,31,18,-1,-1,-1,-1,-1,-1,-1,-1,-1,-1,-1,-1,0,3,0,0,0,0,0,0,0,1,0,0,0,0,0,0,0,2,2,0,0,0,0,0,0,0,3,3,2,3,1,4,0,1
21,28,30,9,31,26,4,29,18,13,3,10,20,12,-1,-1,-1,-1,-1,0,0,0,2,2,1,3,1,0,2,2,2,3,3,0,2,2,0,4,0,2,3,0,1,1,0,2,1,3,2,3,3,2,2
13,18,28,32,25,23,11,32,10,30,29,19,9,10,10,1,32,5,-1,3,2,0,0,0,1,0,1,1,4,4,1,0,3,0,2,3,3,4,1,3,0,1,2,1,3,4,3,4,3,4,0,4,2
12,28,29,10,2,20,10,19,30,28,22,20,30,-1,-1,-1,-1,-1,-1,1,2,3,1,0,1,2,4,3,3,3,1,0,1,0,0,0,1,0,1,3,1,1,2,1,1,0,2,2,3,3,2,3,2
11,28,17,33,4,29,30,1,-1,-1,-1,-1,-1,-1,-1,-1,-1,-1,-1,0,2,0,0,1,0,0,2,1,0,0,0,0,0,0,0,3,2,1,1,0,0,0,0,0,2,1,2,2,1,1,2,2,2
3,30,30,19,29,16,17,33,-1,-1,-1,-1,-1,-1,-1,-1,-1,-1,-1,0,2,0,2,0,0,1,0,1,1,0,0,0,1,0,0,3,2,1,2,0,0,2,0,0,0,3,0,0,2,4,1,0,2
14,33,32,27,4,28,10,12,15,7,32,3,-1,-1,-1,-1,-1,-1,-1,1,0,0,1,2,0,2,2,1,3,2,0,3,0,1,3,1,1,2,1,0,0,0,0,0,0,2,3,1,2,3,2,4,3
14,28,31,22,10,27,26,1,3,5,-1,-1,-1,-1,-1,-1,-1,-1,-1,3,2,0,2,0,2,1,0,0,3,3,1,0,0,1,1,0,1,1,0,0,0,2,0,0,1,1,3,2,0,2,3,0,0
0,29,32,31,8,25,19,8,21,-1,-1,-1,-1,-1,-1,-1,-1,-1,-1,1,0,0,0,0,0,0,1,3,3,0,0,0,0,0,1,1,3,1,2,0,1,0,0,1,2,2,0,2,4,0,2,4,1
22,23,32,18,31,32,28,15,13,17,-1,-1,-1,-1,-1,-1,-1,-1,-1,1,0,1,0,0,0,0,1,1,2,0,2,1,2,0,3,0,1,3,0,0,2,0,1,1,1,0,1,1,2,3,4,3,0
1,32,2,3,33,13,9,9,-1,-1,-1,-1,-1,-1,-1,-1,-1,-1,-1,2,1,1,2,0,0,0,1,1,3,0,0,0,1,0,0,0,0,2,0,0,0,0,0,0,0,2,1,0,1,3,2,3,2
3,18,8,28,31,18,21,4,2,33,32,5,5,32,-1,-1,-1,-1,-1,1,1,3,0,3,3,2,1,4,0,0,0,0,0,0,0,0,1,4,1,1,3,0,0,0,0,2,0,3,4,4,3,4,4
7,18,26,19,21,0,14,29,1,32,-1,-1,-1,-1,-1,-1,-1,-1,-1,2,1,0,0,0,0,0,0,0,0,1,0,0,0,1,1,1,4,2,3,0,2,0,0,0,0,1,4,2,3,4,2,2,0
0,32,27,28,5,33,14,30,26,-1,-1,-1,-1,-1,-1,-1,-1,-1,-1,3,1,0,0,0,1,0,0,2,3,2,0,1,0,1,0,0,2,1,1,1,1,2,1,0,1,2,2,1,0,2,0,2,1
30,29,27,32,31,33,6,32,25,6,8,26,16,7,-1,-1,-1,-1,-1,2,0,2,1,1,1,3,2,2,2,2,0,2,1,1,1,2,1,1,3,0,1,2,1,0,1,3,2,0,4,1,3,2,3
13,17,10,27,29,30,32,10,0,28,1,19,19,23,-1,-1,-1,-1,-1,2,1,1,3,1,0,0,2,2,4,2,0,3,0,0,4,1,2,1,3,0,0,0,2,1,3,0,3,3,3,3,4,1,1
12,18,28,2,7,7,13,25,14,9,7,21,3,28,1,15,-1,-1,-1,4,4,3,3,1,2,0,4,4,3,2,2,0,1,2,2,1,2,2,2,1,2,0,0,0,1,2,3,2,1,2,4,0,3
12,27,28,0,26,18,4,29,18,-1,-1,-1,-1,-1,-1,-1,-1,-1,-1,2,0,0,0,2,0,0,0,2,1,1,0,0,0,0,0,0,1,3,0,0,1,0,0,1,1,3,2,2,2,0,3,2,3
25,30,18,27,31,33,32,2,10,13,18,2,13,-1,-1,-1,-1,-1,-1,1,0,3,2,0,0,0,2,0,1,3,0,0,2,0,0,1,2,4,3,0,0,0,0,2,1,1,3,0,3,4,3,4,1
14,31,20,0,1,3,0,25,26,7,32,6,16,27,13,9,-1,-1,-1,4,2,0,3,0,0,2,3,0,1,1,0,0,1,0,0,2,0,0,4,4,2,4,3,1,2,2,4,4,4,1,4,4,2
20,25,7,10,30,33,15,17,5,23,23,16,19,2,28,-1,-1,-1,-1,3,1,3,2,0,2,0,2,2,2,1,0,0,0,0,3,1,2,1,2,2,2,2,3,0,4,1,3,2,2,2,2,0,1
13,29,28,29,24,17,10,10,29,21,14,21,32,-1,-1,-1,-1,-1,-1,1,0,0,0,0,0,0,0,2,0,2,1,1,0,3,2,1,1,2,1,0,3,0,0,4,2,3,2,4,3,4,1,2,2
8,32,31,12,25,15,21,9,22,-1,-1,-1,-1,-1,-1,-1,-1,-1,-1,0,0,0,0,0,0,0,0,2,2,0,0,1,1,0,1,1,1,2,0,0,2,1,1,0,1,1,2,3,1,0,4,3,1
22,32,29,27,31,19,18,6,11,13,24,8,18,-1,-1,-1,-1,-1,-1,3,1,0,2,0,0,3,0,2,2,3,2,0,2,2,0,2,1,3,3,0,0,0,0,2,0,2,2,1,4,2,3,2,3
20,30,18,0,33,28,31,27,3,25,26,8,11,1,22,10,25,-1,-1,4,3,3,3,0,0,1,3,3,1,2,2,0,1,0,1,1,2,3,0,1,0,2,0,0,4,3,4,3,1,4,3,3,3
23,29,9,31,30,24,2,5,22,22,13,2,26,-1,-1,-1,-1,-1,-1,0,0,3,1,0,2,0,0,3,3,2,0,0,2,0,0,1,2,1,0,0,0,3,0,3,4,3,3,3,1,2,2,3,2
14,30,22,8,8,8,27,20,32,33,17,16,1,20,-1,-1,-1,-1,-1,1,3,0,0,0,0,0,2,3,2,1,1,0,0,1,0,3,4,1,0,4,0,3,2,1,2,2,4,3,2,4,2,3,4
23,0,16,2,21,28,8,7,29,17,28,29,4,16,-1,-1,-1,-1,-1,3,3,2,1,2,0,0,2,4,1,1,0,0,0,0,0,3,3,2,1,0,2,2,1,0,0,0,3,3,4,2,3,2,2
6,19,27,29,19,11,17,2,30,-1,-1,-1,-1,-1,-1,-1,-1,-1,-1,0,1,3,1,0,0,0,0,1,2,0,2,0,1,2,1,1,4,2,3,0,0,0,0,0,1,2,2,1,1,2,0,1,2
6,17,8,28,7,33,30,11,33,27,12,-1,-1,-1,-1,-1,-1,-1,-1,0,1,0,0,0,1,1,1,2,1,1,1,3,2,3,1,0,2,0,0,0,0,2,0,0,1,2,2,3,2,1,2,2,3
7,27,9,17,18,33,25,25,32,21,21,6,-1,-1,-1,-1,-1,-1,-1,0,0,1,0,2,2,1,2,1,3,0,0,1,1,0,1,0,1,1,0,0,3,2,1,0,3,1,2,1,4,2,2,2,1
1,32,10,22,29,-1,-1,-1,-1,-1,-1,-1,-1,-1,-1,-1,-1,-1,-1,2,1,0,0,1,0,0,0,1,1,1,0,0,0,0,0,0,0,0,0,0,0,3,0,0,1,0,1,1,2,0,1,1,2
20,26,27,31,8,7,18,2,17,33,-1,-1,-1,-1,-1,-1,-1,-1,-1,4,0,1,2,0,0,1,1,3,2,0,0,0,0,1,1,0,3,2,0,1,1,0,0,0,0,2,2,1,1,1,3,2,1
14,29,28,7,2,5,16,22,-1,-1,-1,-1,-1,-1,-1,-1,-1,-1,-1,3,0,1,0,0,2,0,3,2,2,0,0,0,0,0,0,1,1,1,1,0,0,1,0,0,0,0,1,2,1,1,4,0,1
11,31,33,8,21,1,10,24,7,12,15,1,8,18,23,20,13,-1,-1,3,3,0,0,0,0,0,3,4,3,2,0,2,2,0,2,0,1,4,0,4,2,0,1,4,2,4,3,1,3,4,3,2,3
29,33,30,25,16,23,-1,-1,-1,-1,-1,-1,-1,-1,-1,-1,-1,-1,-1,0,0,0,0,0,0,0,0,1,0,0,0,0,0,0,0,1,1,1,0,0,0,1,1,0,2,2,2,2,1,2,3,0,3
26,0,31,27,1,2,3,10,9,17,14,13,-1,-1,-1,-1,-1,-1,-1,3,2,1,1,0,0,2,1,0,4,2,2,0,1,2,1,1,4,3,1,0,0,0,0,2,1,1,2,2,2,1,2,4,2
19,0,22,6,30,4,18,18,7,6,28,8,26,-1,-1,-1,-1,-1,-1,3,1,3,1,2,2,4,3,4,1,1,0,0,0,0,0,0,0,2,2,0,0,2,0,1,0,1,0,2,4,3,4,3,0
12,8,31,17,16,32,33,26,7,29,11,30,3,31,26,26,-1,-1,-1,3,1,0,2,0,0,2,1,3,3,4,4,0,0,0,1,3,2,0,1,0,0,0,2,1,1,3,4,2,3,3,3,3,4
21,27,22,10,8,6,7,4,7,14,6,18,19,0,12,23,7,-1,-1,3,1,1,0,2,1,3,4,3,3,4,2,3,0,2,1,0,0,4,1,2,1,2,1,1,2,0,2,3,3,4,2,3,3
1,26,19,8,28,33,32,10,7,9,12,-1,-1,-1,-1,-1,-1,-1,-1,2,1,0,0,2,1,0,3,2,4,3,0,1,1,1,0,0,0,2,1,0,1,0,1,0,0,3,2,3,1,1,2,1,1
23,17,0,30,33,27,29,18,-1,-1,-1,-1,-1,-1,-1,-1,-1,-1,-1,2,0,2,0,2,0,0,1,2,2,0,1,0,0,0,0,0,1,2,0,0,0,0,1,0,0,0,2,1,3,2,1,2,1
19,29,33,27,26,18,11,11,15,7,10,2,27,13,12,13,-1,-1,-1,1,3,3,1,1,0,0,4,1,4,3,4,1,2,1,3,1,3,3,0,1,0,0,0,2,0,2,4,1,1,2,2,4,2
1,11,28,5,0,7,11,10,8,12,7,3,23,16,28,33,21,6,23,2,1,0,1,0,3,1,4,4,4,4,3,4,1,2,0,2,2,3,1,1,2,1,2,1,0,3,4,3,3,0,2,4,3
7,18,32,28,31,25,26,21,21,10,17,-1,-1,-1,-1,-1,-1,-1,-1,2,0,0,0,0,1,0,1,0,2,1,0,0,0,0,0,0,2,2,1,1,3,2,0,1,1,3,2,3,1,1,3,2,2
25,27,11,5,15,19,20,0,29,11,9,10,22,-1,-1,-1,-1,-1,-1,2,0,2,1,0,3,2,0,3,3,3,2,2,0,0,2,4,3,2,2,1,0,1,0,0,1,1,2,0,1,3,0,0,3
12,29,30,32,28,7,15,7,13,16,29,16,32,19,5,6,28,30,18,2,1,1,0,0,2,2,4,4,1,2,0,0,2,0,3,3,4,3,4,0,0,1,1,3,2,4,2,4,4,3,4,3,3
16,29,31,25,6,33,2,32,12,5,7,33,33,18,17,15,2,-1,-1,3,0,3,0,0,4,3,2,3,3,0,2,2,0,0,1,1,1,4,2,2,0,0,0,0,3,2,3,3,3,1,4,3,4
3,0,32,28,20,33,2,5,31,1,29,20,16,-1,-1,-1,-1,-1,-1,3,3,1,0,1,2,1,2,3,1,0,1,1,0,0,1,1,3,1,1,2,0,0,0,0,0,2,2,4,2,2,3,3,3
7,33,19,22,4,15,17,29,-1,-1,-1,-1,-1,-1,-1,-1,-1,-1,-1,1,0,0,0,1,0,1,0,0,1,0,0,0,0,0,1,1,2,1,1,0,0,2,0,0,1,0,1,3,2,4,3,2,2
25,27,33,29,28,26,11,5,-1,-1,-1,-1,-1,-1,-1,-1,-1,-1,-1,0,0,0,0,0,1,2,1,2,0,0,1,0,1,0,1,0,0,1,0,0,0,0,0,0,1,2,3,4,2,1,0,2,3
18,9,8,28,0,27,16,12,-1,-1,-1,-1,-1,-1,-1,-1,-1,-1,-1,2,0,0,0,2,0,0,1,1,1,1,0,2,0,0,0,1,1,1,1,0,0,0,0,0,1,1,2,3,1,1,3,1,1
8,28,14,31,21,9,20,31,6,-1,-1,-1,-1,-1,-1,-1,-1,-1,-1,1,2,2,0,0,0,1,1,1,2,0,1,1,0,2,2,0,0,0,2,3,1,0,1,0,0,0,1,4,2,1,2,2,0
14,31,10,32,8,7,12,31,26,-1,-1,-1,-1,-1,-1,-1,-1,-1,-1,1,1,0,0,0,0,0,3,2,1,2,0,1,0,2,0,0,0,0,1,1,1,0,0,0,0,2,2,0,3,2,4,2,2
0,25,11,6,5,31,17,17,2,13,5,16,10,14,-1,-1,-1,-1,-1,1,2,2,0,3,4,3,3,2,1,1,2,1,2,2,0,2,3,0,0,0,0,0,1,1,4,1,2,3,3,0,4,2,4
5,18,26,0,29,30,31,21,6,7,28,13,16,28,10,-1,-1,-1,-1,4,1,1,1,0,2,1,2,1,1,2,2,0,2,0,1,2,0,1,3,1,1,0,0,0,2,2,4,4,3,2,4,3,2
0,28,33,8,16,19,11,32,32,9,26,17,27,19,9,-1,-1,-1,-1,1,0,0,0,0,0,1,0,4,3,1,2,0,0,0,1,4,3,4,2,2,0,3,0,1,3,2,4,2,2,4,3,4,3
14,30,32,31,27,28,2,24,9,-1,-1,-1,-1,-1,-1,-1,-1,-1,-1,0,1,1,1,0,0,0,2,3,2,0,0,0,0,1,0,0,2,0,1,0,0,0,0,1,1,2,3,4,0,2,1,3,3
7,30,19,26,24,28,25,8,10,10,-1,-1,-1,-1,-1,-1,-1,-1,-1,1,0,2,1,0,0,1,1,2,2,2,0,1,1,0,1,1,3,1,2,0,0,0,0,2,2,1,0,2,1,2,2,1,2
3,29,27,16,26,30,7,10,1,4,13,4,7,27,17,11,16,32,-1,1,4,0,0,2,0,2,4,2,4,4,1,2,2,1,0,3,3,4,3,0,0,0,0,0,1,4,4,4,4,4,2,4,2
21,19,32,3,29,30,14,29,11,33,24,-1,-1,-1,-1,-1,-1,-1,-1,1,0,0,2,0,1,1,0,1,1,1,2,0,1,1,0,3,3,0,1,0,0,1,0,1,1,0,3,3,3,2,2,3,2
8,27,32,28,27,0,16,18,18,18,32,22,21,16,29,-1,-1,-1,-1,2,1,0,0,0,0,0,0,1,3,0,0,1,2,0,3,4,3,4,1,1,1,1,1,0,1,2,4,3,3,3,3,4,3
20,29,27,23,25,5,14,8,13,1,32,21,4,14,-1,-1,-1,-1,-1,0,2,0,0,1,3,1,0,2,1,0,1,0,2,3,0,0,1,3,0,0,1,0,3,2,4,1,3,3,3,2,4,3,3
16,31,13,6,33,31,22,8,32,15,29,11,-1,-1,-1,-1,-1,-1,-1,2,2,0,0,1,0,1,1,1,1,2,2,3,2,0,1,1,1,0,0,1,0,2,1,0,0,1,2,3,3,1,3,2,4
2,19,11,27,8,-1,-1,-1,-1,-1,-1,-1,-1,-1,-1,-1,-1,-1,-1,0,0,1,0,0,0,0,0,2,0,1,1,0,0,0,0,0,1,1,3,0,0,0,0,0,1,0,2,1,0,0,0,1,2
5,31,32,27,19,26,15,4,0,19,14,2,4,-1,-1,-1,-1,-1,-1,2,2,1,2,4,0,1,1,0,2,3,0,0,0,1,1,0,0,1,2,0,0,1,0,0,1,3,4,4,2,1,2,3,4
4,29,33,31,20,16,22,7,18,5,6,8,3,8,31,-1,-1,-1,-1,1,0,0,2,0,2,3,1,4,3,0,0,2,0,1,1,4,4,4,2,1,1,1,0,0,0,3,2,2,1,4,4,2,4
12,27,7,26,1,20,29,8,23,17,25,-1,-1,-1,-1,-1,-1,-1,-1,4,2,0,0,0,1,1,3,2,2,0,0,0,0,0,0,0,1,0,4,3,1,1,2,0,3,2,4,0,3,2,1,0,0
18,17,7,13,15,31,19,0,0,17,15,-1,-1,-1,-1,-1,-1,-1,-1,4,0,3,0,0,0,3,2,1,2,0,0,0,1,0,4,2,4,0,2,0,0,0,1,0,0,1,2,0,2,2,2,3,1
0,30,29,27,31,31,23,23,1,22,20,1,20,24,-1,-1,-1,-1,-1,1,3,1,0,0,0,1,3,3,1,1,0,0,0,1,0,1,1,2,3,3,1,3,4,3,0,2,2,1,4,3,3,1,2
4,8,30,25,32,32,5,8,2,-1,-1,-1,-1,-1,-1,-1,-1,-1,-1,0,0,1,1,1,1,0,1,3,1,0,0,0,0,0,0,2,2,0,0,0,0,0,0,0,1,2,3,1,1,3,1,4,2
5,30,27,17,0,19,18,21,27,-1,-1,-1,-1,-1,-1,-1,-1,-1,-1,2,1,0,0,0,1,0,0,1,0,1,0,0,0,1,0,0,2,1,2,1,1,1,0,1,1,1,3,0,1,3,2,3,2
12,9,0,27,17,26,24,28,8,5,17,27,27,2,26,-1,-1,-1,-1,2,0,1,1,0,1,2,0,4,3,2,2,1,1,1,1,0,4,2,2,1,1,0,0,2,0,4,4,3,2,2,4,4,1
23,29,9,32,31,30,18,16,1,17,21,20,6,13,30,31,19,10,-1,3,4,0,0,0,0,3,0,0,3,4,3,1,2,0,3,3,3,4,3,4,1,0,1,1,3,2,3,0,3,4,4,4,1
7,27,33,30,0,24,10,14,2,10,29,22,11,23,-1,-1,-1,-1,-1,1,0,1,0,0,0,0,0,1,2,4,3,0,1,1,2,0,3,2,1,2,0,1,1,2,1,2,3,2,2,3,3,4,4
2,30,19,7,27,6,4,6,13,-1,-1,-1,-1,-1,-1,-1,-1,-1,-1,1,1,1,1,1,0,2,2,1,2,1,0,2,2,0,1,0,0,0,3,0,0,2,0,0,0,0,3,3,1,2,1,0,3
21,29,17,33,32,1,24,9,8,30,22,12,2,19,-1,-1,-1,-1,-1,1,1,1,1,1,2,1,2,3,3,2,0,3,0,0,0,1,2,3,3,0,1,2,0,2,1,2,0,3,3,3,2,1,1
16,28,24,30,13,30,30,20,33,15,27,2,6,23,3,18,-1,-1,-1,0,1,2,2,2,2,3,1,3,1,0,1,0,2,1,2,2,2,4,3,2,0,2,1,1,2,2,3,2,1,4,4,2,2
7,31,30,15,21,26,22,15,20,21,8,17,33,17,2,12,-1,-1,-1,2,0,2,0,0,0,0,0,4,0,0,0,1,0,2,2,3,4,3,3,4,4,3,2,0,0,4,4,2,3,4,3,3,3
12,0,26,33,6,27,4,17,32,23,4,19,25,28,18,33,6,6,11,1,3,3,2,2,1,3,4,1,4,0,2,2,1,2,0,2,3,3,3,0,2,1,1,0,3,2,4,3,3,3,0,3,4
22,26,32,15,28,3,6,19,11,6,2,-1,-1,-1,-1,-1,-1,-1,-1,4,1,3,2,0,0,2,2,2,0,0,1,0,1,1,2,0,3,1,3,0,0,0,0,0,0,3,0,2,3,2,3,2,1
16,29,27,30,31,15,8,6,7,5,32,6,-1,-1,-1,-1,-1,-1,-1,1,1,0,1,0,1,2,2,3,1,2,0,0,0,1,2,1,1,4,3,0,1,0,0,0,1,0,2,2,1,3,3,4,2
3,30,18,24,8,1,21,12,23,15,8,18,18,9,-1,-1,-1,-1,-1,1,3,0,1,0,0,0,1,2,4,0,2,2,1,0,2,1,1,4,2,1,3,1,2,3,1,2,3,2,2,2,2,1,4
16,29,32,14,9,7,24,0,12,1,6,25,-1,-1,-1,-1,-1,-1,-1,1,2,0,1,0,0,2,3,0,3,2,1,3,0,2,0,1,2,1,0,2,0,2,3,2,1,2,0,0,2,0,0,2,0
27,0,30,17,7,8,33,24,26,-1,-1,-1,-1,-1,-1,-1,-1,-1,-1,2,1,0,1,0,1,1,2,1,0,0,0,0,0,0,0,0,1,3,1,0,0,1,3,2,0,2,1,2,2,3,0,2,3
24,27,25,0,29,33,19,8,12,10,30,1,27,-1,-1,-1,-1,-1,-1,2,1,1,0,0,0,0,3,4,2,1,1,2,0,0,2,1,2,2,3,0,0,0,0,2,2,2,3,2,2,3,3,2,4
9,25,33,4,13,22,31,8,32,-1,-1,-1,-1,-1,-1,-1,-1,-1,-1,0,0,0,0,1,0,0,0,2,1,0,0,0,2,1,0,0,0,1,0,0,0,2,2,1,3,1,3,2,3,0,3,2,3
1,32,8,18,16,-1,-1,-1,-1,-1,-1,-1,-1,-1,-1,-1,-1,-1,-1,1,2,0,0,0,0,0,0,2,1,1,0,0,0,0,0,2,1,2,0,0,0,0,0,0,0,0,2,0,0,1,0,2,0
16,33,29,26,25,21,28,3,25,26,22,32,-1,-1,-1,-1,-1,-1,-1,3,1,0,3,1,0,0,0,0,0,1,0,0,1,1,0,1,0,1,1,2,2,2,2,1,3,4,2,3,1,1,2,3,3
28,9,33,30,13,21,23,23,10,4,24,32,-1,-1,-1,-1,-1,-1,-1,0,1,1,0,2,0,1,1,2,4,1,1,1,1,1,0,0,1,3,1,2,1,1,2,2,2,1,1,2,1,2,2,2,2
23,30,27,33,17,5,8,19,2,9,32,-1,-1,-1,-1,-1,-1,-1,-1,0,2,1,1,0,1,1,2,1,2,1,1,0,1,2,0,1,2,0,3,1,0,0,1,0,1,1,4,1,2,2,2,1,2
22,27,8,33,10,13,27,31,7,-1,-1,-1,-1,-1,-1,-1,-1,-1,-1,4,0,0,0,0,0,0,1,2,1,2,1,0,3,0,1,2,0,4,0,0,0,1,0,1,0,0,3,1,2,0,2,1,1
10,18,31,15,24,25,29,24,21,14,0,-1,-1,-1,-1,-1,-1,-1,-1,1,1,0,1,0,0,0,2,3,1,0,1,1,0,2,1,0,0,4,2,0,2,0,0,3,2,2,1,3,2,3,1,2,1
26,28,33,27,0,17,0,31,7,17,25,-1,-1,-1,-1,-1,-1,-1,-1,3,1,1,0,0,0,0,2,1,2,1,0,0,1,1,0,0,2,1,1,1,1,0,1,0,2,2,2,2,2,3,3,3,2
8,30,18,25,26,22,19,25,25,17,-1,-1,-1,-1,-1,-1,-1,-1,-1,3,0,0,0,0,1,0,3,3,1,0,0,0,0,0,0,0,2,1,2,1,0,1,0,0,3,2,1,3,1,2,2,0,2
23,17,8,9,18,33,11,13,2,19,8,16,3,29,12,29,-1,-1,-1,4,1,2,3,0,1,0,0,2,2,2,1,3,3,0,2,3,4,2,3,0,0,0,0,1,0,0,3,2,4,4,2,3,4
2,29,32,17,10,31,15,15,26,32,33,31,33,-1,-1,-1,-1,-1,-1,0,1,1,2,0,1,1,1,3,1,2,3,0,0,0,4,0,3,2,3,2,0,0,0,1,0,2,4,0,3,1,4,3,3
1,30,29,9,7,2,17,31,-1,-1,-1,-1,-1,-1,-1,-1,-1,-1,-1,2,1,1,0,1,0,2,1,3,3,0,0,0,0,0,0,1,1,1,0,0,0,0,0,0,0,0,1,1,2,1,3,1,0
3,9,30,29,26,31,17,28,10,9,22,16,2,2,23,7,0,-1,-1,4,1,4,0,0,0,0,2,3,4,1,0,0,0,0,3,2,3,3,0,0,1,1,3,4,4,3,0,4,3,3,2,4,3
19,0,27,31,8,13,21,8,26,29,-1,-1,-1,-1,-1,-1,-1,-1,-1,3,1,0,0,0,0,0,0,4,1,0,0,0,2,0,0,0,2,2,2,1,2,0,0,0,1,2,2,2,3,2,3,2,0
11,7,28,12,2,4,27,22,19,3,0,5,22,-1,-1,-1,-1,-1,-1,2,1,3,2,1,2,0,3,4,1,1,0,2,0,0,1,3,0,0,3,0,1,2,0,1,0,1,3,2,3,1,1,0,4
12,30,17,19,20,2,13,17,23,31,3,29,26,13,0,27,14,-1,-1,4,3,4,1,0,0,0,1,3,0,1,2,0,2,2,0,3,3,2,2,2,0,1,2,1,2,3,1,0,4,4,3,4,3
12,26,8,17,33,28,31,7,14,29,6,10,22,13,-1,-1,-1,-1,-1,2,2,0,0,1,0,2,2,4,1,1,1,1,1,4,1,3,3,1,0,0,2,2,0,0,1,1,3,3,2,2,3,1,4
7,27,16,20,19,0,2,1,3,26,31,29,32,10,14,11,10,30,-1,4,3,2,2,1,0,0,0,2,1,3,1,0,0,3,0,3,1,3,2,3,2,3,3,0,3,3,3,4,4,4,3,3,0
4,29,3,26,26,9,9,1,19,30,32,16,26,23,21,13,-1,-1,-1,1,1,0,1,0,0,0,2,3,4,2,1,1,1,2,1,1,4,1,3,0,3,0,3,0,0,4,1,4,3,3,2,3,3
4,30,27,25,8,6,-1,-1,-1,-1,-1,-1,-1,-1,-1,-1,-1,-1,-1,0,1,0,0,1,1,2,0,2,0,0,0,0,0,0,0,0,1,0,0,0,2,1,0,0,2,0,3,1,1,1,0,0,1
3,8,27,33,18,30,23,13,15,12,1,30,25,28,-1,-1,-1,-1,-1,0,1,1,1,0,1,1,0,2,1,0,1,1,1,2,3,2,2,3,0,0,1,0,2,0,2,3,4,3,3,3,4,2,4
14,31,33,25,33,32,1,0,7,27,5,22,11,9,31,27,2,-1,-1,2,4,1,1,1,1,2,2,2,3,1,3,1,1,2,1,0,1,0,1,4,1,4,3,0,3,2,3,0,2,1,4,3,4
15,27,32,9,8,25,26,0,7,17,17,17,1,18,3,18,14,28,-1,1,3,0,2,1,1,3,4,4,3,2,3,2,0,2,2,2,4,3,0,1,1,0,1,1,2,3,3,2,4,0,1,4,3
12,33,27,7,16,4,19,9,-1,-1,-1,-1,-1,-1,-1,-1,-1,-1,-1,3,1,0,0,3,0,0,1,1,1,0,1,0,0,0,0,2,2,1,4,0,0,0,0,2,1,0,1,1,0,1,0,0,2
23,30,31,33,11,17,17,4,24,28,-1,-1,-1,-1,-1,-1,-1,-1,-1,3,0,0,0,1,0,0,0,0,2,1,1,0,0,0,0,0,3,0,2,0,0,1,0,3,0,2,4,1,2,3,2,2,3
25,0,18,32,11,29,0,5,17,28,21,18,7,1,11,-1,-1,-1,-1,3,3,0,2,1,2,2,3,0,0,2,3,0,0,0,0,0,1,4,2,0,1,0,3,1,2,3,3,4,4,1,3,3,0
20,29,25,24,30,29,30,6,16,14,33,29,25,11,22,27,26,-1,-1,2,0,2,1,1,1,3,1,0,1,0,3,0,0,2,0,4,2,2,2,3,0,4,0,1,3,3,3,4,4,3,2,4,3
3,29,12,10,20,24,31,10,31,33,18,11,6,33,8,23,15,1,-1,1,2,1,2,1,0,3,2,3,0,4,1,1,0,1,2,1,3,4,2,2,0,0,3,1,2,3,2,4,3,4,4,4,4
6,29,2,10,28,8,4,1,1,30,10,30,22,1,15,-1,-1,-1,-1,2,4,2,1,2,0,1,1,4,3,4,1,1,0,0,2,0,4,1,0,0,0,2,0,0,0,1,3,2,3,4,2,3,1
14,9,28,31,32,13,19,29,24,15,24,6,17,33,26,28,31,-1,-1,0,1,2,0,0,0,3,2,0,2,2,0,1,1,0,4,0,1,3,3,2,0,3,2,3,4,3,2,4,3,4,2,4,4
24,27,29,33,15,19,12,17,32,8,1,27,-1,-1,-1,-1,-1,-1,-1,3,2,0,0,0,0,0,0,3,4,2,0,2,0,1,2,0,2,2,3,0,0,2,0,0,0,0,4,3,2,4,0,3,3
17,29,9,26,0,28,-1,-1,-1,-1,-1,-1,-1,-1,-1,-1,-1,-1,-1,1,0,0,0,0,0,0,0,1,1,0,0,0,0,0,0,0,1,0,0,0,0,0,0,1,0,2,3,2,2,2,1,0,1
20,33,31,32,25,2,33,7,15,31,28,-1,-1,-1,-1,-1,-1,-1,-1,0,3,2,0,0,0,0,2,1,1,1,0,0,0,0,3,1,2,0,0,0,0,0,0,0,4,1,3,4,1,2,4,2,3
6,9,22,8,19,21,7,24,26,28,33,12,1,2,-1,-1,-1,-1,-1,2,1,3,0,0,0,0,3,4,3,1,0,2,0,0,0,1,0,2,3,2,2,1,0,1,1,3,3,3,2,4,2,1,3
25,8,29,19,32,14,17,2,26,29,-1,-1,-1,-1,-1,-1,-1,-1,-1,1,1,3,0,0,2,0,0,3,1,1,0,0,0,1,0,0,3,3,2,0,0,0,0,0,0,1,1,4,3,1,2,3,3
25,8,26,32,14,0,29,13,30,10,23,21,-1,-1,-1,-1,-1,-1,-1,4,0,2,0,0,0,0,1,1,0,2,0,0,2,2,1,0,2,0,1,3,2,0,1,0,1,3,3,2,3,3,0,3,2
31,10,28,6,22,32,15,16,10,29,21,6,8,26,-1,-1,-1,-1,-1,1,2,0,1,0,0,3,1,2,3,3,1,2,0,0,4,3,1,2,3,0,4,2,1,1,1,2,2,4,1,3,3,2,0
10,8,9,25,31,14,5,27,27,19,32,12,30,1,26,-1,-1,-1,-1,3,2,1,0,0,2,0,2,4,4,0,0,3,0,2,3,1,3,4,2,1,2,0,0,0,1,2,3,2,2,3,3,3,1
0,19,11,31,16,16,1,17,29,-1,-1,-1,-1,-1,-1,-1,-1,-1,-1,3,3,0,0,0,0,0,0,0,2,1,2,1,0,1,1,3,3,0,3,0,0,0,1,0,0,0,2,1,3,1,3,2,2
2,29,20,25,11,6,7,19,5,30,16,0,8,23,31,20,-1,-1,-1,2,2,1,2,4,2,3,1,3,1,1,1,0,0,0,1,2,0,4,4,3,0,0,3,1,3,4,2,1,3,2,2,2,0
9,18,17,33,19,10,29,14,-1,-1,-1,-1,-1,-1,-1,-1,-1,-1,-1,2,0,0,1,0,0,0,0,1,4,2,0,0,0,1,0,0,3,2,2,0,1,1,0,0,0,0,0,1,1,0,1,2,2
27,29,17,13,25,19,32,8,2,-1,-1,-1,-1,-1,-1,-1,-1,-1,-1,0,0,1,1,0,0,0,2,3,1,2,1,0,1,0,1,1,3,0,2,1,0,0,0,0,1,4,1,2,3,0,0,2,1
23,27,28,31,1,0,31,16,21,2,13,-1,-1,-1,-1,-1,-1,-1,-1,2,2,3,1,0,0,0,2,0,0,0,0,1,2,0,0,3,4,2,1,0,1,0,1,1,1,1,3,1,0,2,4,3,2
24,17,0,30,31,32,3,12,9,28,23,26,20,-1,-1,-1,-1,-1,-1,2,2,0,1,0,0,0,2,2,3,0,0,1,2,0,0,1,4,0,0,2,0,0,2,3,0,1,1,3,3,3,2,2,3
17,29,28,30,33,7,0,32,12,8,30,-1,-1,-1,-1,-1,-1,-1,-1,1,0,0,0,0,2,0,1,2,2,0,1,3,0,0,0,0,1,1,3,0,1,0,3,1,2,0,0,2,3,3,3,3,3
7,9,7,33,31,10,12,5,19,6,2,-1,-1,-1,-1,-1,-1,-1,-1,2,1,1,0,0,1,1,2,1,2,4,0,2,0,1,0,2,1,3,2,1,0,0,0,0,2,0,1,2,0,4,3,2,2
20,26,31,32,30,15,0,18,15,11,17,-1,-1,-1,-1,-1,-1,-1,-1,3,1,0,1,2,1,0,2,2,2,0,3,0,1,1,2,1,2,2,3,2,0,0,0,0,1,1,1,1,1,3,3,3,2
28,24,2,5,8,9,23,31,8,12,33,1,26,-1,-1,-1,-1,-1,-1,1,2,3,3,0,2,3,4,4,1,0,0,1,0,0,1,0,4,1,0,0,0,0,2,2,3,2,1,0,0,0,4,3,1
16,0,22,33,32,22,31,10,18,3,17,8,-1,-1,-1,-1,-1,-1,-1,3,0,0,2,1,1,0,0,1,1,1,1,1,0,0,0,1,2,2,0,0,0,3,1,2,2,2,2,3,4,1,4,4,2
16,26,30,26,33,2,8,6,6,18,-1,-1,-1,-1,-1,-1,-1,-1,-1,2,1,2,1,1,0,3,0,1,1,0,1,0,0,1,1,0,3,1,1,0,0,0,0,0,1,3,1,3,1,3,1,2,3
11,30,33,28,32,29,1,0,-1,-1,-1,-1,-1,-1,-1,-1,-1,-1,-1,2,1,0,0,0,0,0,0,0,0,1,0,0,0,0,0,2,0,2,1,0,1,2,0,0,0,3,0,3,3,4,1,3,1
10,28,26,29,31,25,17,32,4,14,8,33,30,25,33,25,28,22,-1,2,2,3,4,2,3,0,2,4,1,1,0,0,0,2,1,1,3,2,2,1,1,4,2,0,3,2,4,3,4,4,2,1,4
20,30,9,33,25,29,32,31,9,24,14,-1,-1,-1,-1,-1,-1,-1,-1,0,1,0,1,0,0,1,0,1,2,1,0,1,0,2,1,1,2,0,0,0,1,1,1,2,3,0,0,2,3,4,3,3,3
10,32,25,16,2,5,-1,-1,-1,-1,-1,-1,-1,-1,-1,-1,-1,-1,-1,0,1,1,0,0,2,0,0,1,0,0,0,1,0,0,1,1,1,0,1,1,0,0,0,0,2,0,0,1,2,2,1,1,1
26,22,32,33,30,9,17,7,16,17,-1,-1,-1,-1,-1,-1,-1,-1,-1,0,0,0,0,1,0,0,1,1,4,1,0,0,0,0,1,2,4,2,0,0,0,1,1,0,0,3,2,3,2,2,2,3,2
24,29,32,18,31,30,12,1,12,8,14,23,14,13,21,-1,-1,-1,-1,2,1,0,0,0,0,2,1,2,1,2,0,2,3,3,1,1,2,3,3,3,2,0,1,2,0,3,3,1,4,3,3,2,2
26,29,30,33,21,19,12,8,9,10,9,-1,-1,-1,-1,-1,-1,-1,-1,0,0,0,0,1,0,1,1,3,2,3,3,2,0,2,0,0,1,0,3,1,1,0,0,0,2,1,0,2,2,2,1,3,3
24,0,29,28,33,16,27,10,26,19,30,21,-1,-1,-1,-1,-1,-1,-1,2,0,0,0,1,1,1,0,4,3,2,0,0,0,0,1,2,2,1,1,1,3,0,0,1,0,1,1,3,4,3,3,3,3
14,17,29,27,31,28,28,28,4,4,20,11,-1,-1,-1,-1,-1,-1,-1,1,1,0,0,2,0,2,2,2,0,2,2,0,0,1,0,0,3,3,1,2,0,0,0,0,0,1,3,4,3,3,3,3,3
17,8,27,32,25,4,32,17,18,29,29,8,29,28,24,28,13,-1,-1,4,1,2,0,1,2,0,2,4,1,2,0,0,3,1,0,3,2,3,0,3,2,2,0,1,3,2,4,4,3,3,2,3,4
2,27,0,33,9,31,28,18,28,20,19,1,5,6,4,1,-1,-1,-1,4,3,2,0,1,2,1,1,1,4,1,0,1,3,1,1,1,2,4,1,1,1,0,0,0,2,3,3,3,3,4,3,0,3
26,29,19,28,4,24,28,1,4,6,31,-1,-1,-1,-1,-1,-1,-1,-1,1,4,0,2,4,0,2,2,0,0,0,0,0,0,0,0,0,0,1,4,0,0,0,0,3,0,1,3,4,3,4,2,2,1
25,0,31,33,27,28,24,17,1,9,15,-1,-1,-1,-1,-1,-1,-1,-1,2,3,1,0,0,0,1,3,2,1,0,0,0,0,0,1,0,2,1,0,0,0,1,3,1,1,4,2,2,1,2,2,0,3
1,17,16,16,32,28,33,-1,-1,-1,-1,-1,-1,-1,-1,-1,-1,-1,-1,2,0,0,0,0,0,0,1,2,0,0,0,0,0,0,0,3,3,0,0,0,0,0,0,1,1,0,3,1,2,0,1,3,1
3,28,32,8,31,33,15,30,9,30,18,22,10,26,9,-1,-1,-1,-1,3,0,0,0,0,0,0,0,2,2,3,0,0,0,0,2,3,4,3,1,2,0,3,0,0,1,3,3,4,4,3,3,4,2
33,18,27,1,31,2,10,9,6,12,25,10,19,32,-1,-1,-1,-1,-1,2,3,2,1,2,0,2,2,4,2,3,0,2,0,0,0,2,2,2,3,0,1,2,0,0,2,2,2,2,1,2,3,2,1
12,30,33,28,30,27,22,25,31,1,3,5,20,29,5,18,5,-1,-1,3,4,4,3,1,3,1,3,3,2,1,0,0,0,0,0,0,2,2,0,3,1,4,1,0,3,2,3,3,2,3,3,4,3
6,31,27,16,17,0,25,-1,-1,-1,-1,-1,-1,-1,-1,-1,-1,-1,-1,2,0,0,1,0,0,1,0,1,0,0,0,0,0,0,1,2,2,0,0,0,0,0,0,0,1,2,2,2,1,1,2,2,0
24,30,18,26,8,10,16,-1,-1,-1,-1,-1,-1,-1,-1,-1,-1,-1,-1,1,0,0,0,0,0,0,0,2,1,2,0,0,0,0,0,2,0,2,0,0,0,0,0,0,1,2,2,2,1,3,2,1,0
21,8,32,30,28,15,2,-1,-1,-1,-1,-1,-1,-1,-1,-1,-1,-1,-1,0,0,3,1,0,0,1,0,2,2,0,0,0,0,0,1,0,1,0,1,0,0,0,0,0,0,1,2,1,2,3,1,3,0
10,25,2,6,7,0,30,1,8,28,29,22,14,18,4,-1,-1,-1,-1,4,3,3,1,4,1,3,2,2,0,2,0,0,0,3,2,0,1,3,0,0,0,2,0,0,2,1,2,4,2,2,1,2,4
13,29,8,31,30,12,6,32,1,0,31,27,27,20,23,12,-1,-1,-1,2,2,0,0,1,2,3,1,3,4,2,0,2,1,0,0,2,3,2,1,2,1,0,3,0,1,0,4,3,4,3,3,4,4
12,26,17,29,11,11,13,20,18,-1,-1,-1,-1,-1,-1,-1,-1,-1,-1,1,1,0,0,0,0,0,1,0,1,0,2,0,1,0,1,2,2,2,0,3,0,0,1,0,0,2,0,2,4,2,4,2,1
27,29,28,8,11,3,22,-1,-1,-1,-1,-1,-1,-1,-1,-1,-1,-1,-1,1,1,0,2,0,0,0,0,3,1,1,2,0,0,0,0,0,1,0,0,0,0,1,0,1,1,0,0,2,4,0,0,0,3
2,30,17,30,27,33,19,31,14,0,3,25,9,21,27,0,31,20,-1,4,0,2,1,0,2,2,1,1,2,2,0,1,2,2,1,2,3,4,1,3,2,0,1,0,3,1,4,4,3,4,4,1,4
6,30,18,5,32,27,19,27,10,26,23,8,26,-1,-1,-1,-1,-1,-1,0,1,0,1,0,2,0,0,1,0,2,0,0,2,0,0,0,2,4,1,0,1,0,2,2,2,4,4,2,1,4,4,3,3
10,18,32,31,29,19,17,17,0,15,25,26,22,20,-1,-1,-1,-1,-1,3,2,0,0,0,0,1,1,2,1,2,1,0,0,0,3,1,2,2,3,3,1,2,0,0,2,3,3,2,3,2,2,2,1
0,29,28,8,27,27,16,27,32,25,2,5,-1,-1,-1,-1,-1,-1,-1,3,0,1,0,0,2,2,3,2,1,0,0,0,0,0,0,2,0,2,3,0,0,0,2,1,2,3,3,4,2,0,2,4,2
10,31,32,1,17,21,26,20,13,11,33,14,26,-1,-1,-1,-1,-1,-1,2,1,0,0,0,0,0,0,1,1,2,2,0,3,2,0,1,1,4,1,3,1,0,1,0,1,3,3,3,4,1,2,2,4
2,29,30,32,19,27,8,4,-1,-1,-1,-1,-1,-1,-1,-1,-1,-1,-1,0,0,0,0,2,0,0,0,1,0,0,1,1,0,1,0,0,1,0,1,1,0,2,0,0,0,1,2,1,2,4,2,3,2
12,30,31,9,33,27,29,30,3,22,20,14,30,-1,-1,-1,-1,-1,-1,1,2,0,1,2,2,0,0,1,3,1,0,0,0,2,1,1,1,0,2,3,3,2,1,2,1,1,3,0,2,4,3,0,3
5,9,32,28,19,27,12,0,3,-1,-1,-1,-1,-1,-1,-1,-1,-1,-1,3,0,0,1,0,2,0,0,2,3,0,1,1,0,0,2,1,1,2,1,1,2,0,0,1,0,1,3,1,0,0,2,1,3
15,33,27,0,9,33,25,9,13,-1,-1,-1,-1,-1,-1,-1,-1,-1,-1,3,0,0,0,0,0,0,0,0,3,2,1,1,2,0,0,0,0,2,2,0,1,0,0,0,2,3,3,0,1,1,1,2,2
14,30,26,17,32,7,23,24,20,4,6,6,31,2,-1,-1,-1,-1,-1,1,2,1,2,2,0,2,4,1,1,0,1,0,0,0,1,0,2,1,3,2,1,0,2,1,2,2,3,3,3,2,4,2,1
13,17,9,27,33,24,7,21,17,-1,-1,-1,-1,-1,-1,-1,-1,-1,-1,0,0,0,0,0,0,1,1,0,3,1,3,0,2,0,0,3,3,0,1,1,1,0,1,2,1,0,2,0,0,2,2,1,3
25,27,0,8,27,30,2,12,14,11,27,-1,-1,-1,-1,-1,-1,-1,-1,3,2,3,0,0,0,0,1,3,3,2,3,1,0,1,1,0,2,2,1,2,0,1,0,0,1,1,3,2,1,1,2,1,1
18,29,32,32,11,29,15,20,-1,-1,-1,-1,-1,-1,-1,-1,-1,-1,-1,0,0,0,0,0,0,0,1,1,3,1,1,1,0,1,2,1,2,1,1,1,0,1,0,0,1,0,2,1,4,1,1,3,1
14,18,8,29,28,19,31,3,0,9,25,10,-1,-1,-1,-1,-1,-1,-1,3,1,1,2,2,0,1,1,2,1,1,1,1,1,1,1,1,2,3,3,0,0,0,0,1,1,2,2,2,1,1,2,2,0
23,18,29,9,17,16,31,26,25,1,14,-1,-1,-1,-1,-1,-1,-1,-1,1,3,0,0,0,0,0,0,0,3,2,1,0,0,1,0,3,1,3,3,0,0,0,1,2,3,2,1,3,4,3,1,1,1
11,33,26,8,31,32,25,7,26,27,21,9,29,29,-1,-1,-1,-1,-1,1,1,0,0,1,0,1,1,3,3,2,1,3,0,1,1,0,1,1,0,2,1,1,0,0,2,3,3,3,3,4,2,2,3
14,10,9,26,21,16,3,4,-1,-1,-1,-1,-1,-1,-1,-1,-1,-1,-1,0,1,1,1,2,0,0,0,2,4,3,0,0,0,0,0,1,0,1,0,0,1,0,0,0,0,2,0,2,1,2,2,1,1
15,31,32,32,10,27,20,23,8,9,28,33,16,14,23,21,-1,-1,-1,1,1,0,1,1,0,0,0,1,4,1,0,0,0,1,0,2,3,3,4,4,3,2,2,3,1,2,3,4,2,4,3,3,1
4,18,26,30,33,7,22,1,-1,-1,-1,-1,-1,-1,-1,-1,-1,-1,-1,1,1,0,0,1,0,1,1,0,3,0,0,0,0,1,0,1,0,2,1,0,1,1,0,0,1,1,2,2,2,3,0,3,2
29,25,9,12,19,24,7,27,22,0,20,11,30,32,25,18,-1,-1,-1,3,0,0,0,0,1,0,2,1,2,1,3,3,0,1,1,0,0,2,2,1,0,1,2,3,3,4,3,3,2,3,2,4,3
26,29,19,22,30,17,28,11,19,21,29,14,14,15,31,1,21,24,-1,4,2,0,0,0,0,0,2,0,3,3,3,0,3,3,4,0,3,2,3,1,4,3,0,1,0,2,3,3,4,4,3,3,4
25,8,30,30,17,11,12,4,15,14,2,32,10,33,-1,-1,-1,-1,-1,0,2,2,0,1,0,0,1,1,0,3,2,3,0,2,2,2,2,2,2,1,2,1,0,1,1,1,1,4,3,4,1,3,2
21,29,27,31,13,7,5,29,24,22,-1,-1,-1,-1,-1,-1,-1,-1,-1,2,0,0,0,1,2,1,2,3,1,2,0,0,1,0,0,1,2,1,1,0,0,2,1,1,2,0,3,0,2,2,2,1,3
8,27,17,33,16,32,0,0,22,24,-1,-1,-1,-1,-1,-1,-1,-1,-1,4,0,0,1,0,0,0,0,3,1,0,1,0,0,1,1,4,2,0,0,0,0,2,0,1,0,0,3,0,2,2,1,3,4
22,26,23,12,14,29,16,17,30,4,-1,-1,-1,-1,-1,-1,-1,-1,-1,2,0,0,0,1,0,0,0,1,0,2,2,1,0,2,0,3,3,1,0,0,0,0,3,0,2,3,1,0,4,2,4,0,0
17,27,18,1,0,30,7,11,9,33,26,-1,-1,-1,-1,-1,-1,-1,-1,1,3,0,0,0,0,0,2,3,2,1,3,0,0,1,0,0,0,2,1,0,0,0,0,1,2,3,4,2,2,2,3,2,3
2,27,16,20,23,26,6,8,28,33,30,31,24,9,29,-1,-1,-1,-1,2,2,1,0,0,0,1,0,3,2,0,0,1,0,0,0,1,1,3,3,4,3,2,2,1,2,4,2,3,2,4,3,3,4
18,30,12,31,31,12,28,2,30,9,9,1,32,8,1,19,22,15,32,2,4,2,0,1,3,1,2,4,4,2,2,2,1,0,1,0,1,2,3,0,1,4,0,1,2,1,4,4,3,4,4,4,4
0,8,27,1,30,26,4,17,12,-1,-1,-1,-1,-1,-1,-1,-1,-1,-1,0,3,0,0,1,1,0,2,1,3,0,0,3,0,0,2,0,4,2,0,1,0,0,0,0,0,1,2,0,1,2,2,1,0
4,29,5,0,33,30,2,2,1,27,17,15,18,-1,-1,-1,-1,-1,-1,3,2,4,0,1,2,0,0,2,4,0,0,0,1,3,2,2,1,3,1,0,2,0,0,0,0,1,4,2,3,1,2,1,1
18,27,27,8,17,1,23,14,1,24,3,-1,-1,-1,-1,-1,-1,-1,-1,1,2,2,1,0,0,1,2,1,0,1,1,1,1,2,0,0,1,1,2,0,0,0,1,1,1,0,4,3,3,1,2,1,2
13,8,9,24,0,30,29,2,18,-1,-1,-1,-1,-1,-1,-1,-1,-1,-1,3,0,2,0,0,0,0,0,3,2,0,0,0,1,0,0,1,1,4,0,0,0,0,0,2,0,0,2,1,2,1,3,3,0
1,17,8,9,8,27,30,12,28,5,20,23,9,25,17,16,-1,-1,-1,3,1,1,2,1,1,0,0,3,4,1,1,1,0,1,1,1,4,2,3,2,1,1,1,0,2,3,4,3,3,3,1,2,4
1,18,20,17,3,16,13,32,26,16,30,0,6,13,13,16,9,22,-1,3,0,0,1,1,0,3,1,3,4,2,0,0,3,0,2,3,4,4,4,2,0,1,2,3,0,3,3,4,0,4,3,4,3
5,26,18,1,15,17,10,14,29,8,17,6,24,21,6,9,-1,-1,-1,1,2,0,1,1,0,4,2,3,2,3,2,0,0,1,3,1,4,4,1,0,1,0,0,2,0,3,1,2,4,4,3,3,2
7,29,17,10,8,26,33,1,27,14,2,18,27,26,27,28,-1,-1,-1,2,3,1,0,1,1,0,2,4,2,3,2,2,3,3,1,2,4,2,1,0,0,0,0,0,0,3,3,1,4,1,3,2,3
5,30,27,32,33,29,33,30,19,19,20,25,31,0,30,-1,-1,-1,-1,2,1,1,0,0,2,1,1,2,4,2,0,0,0,0,2,2,1,2,3,2,0,2,1,0,1,1,4,4,2,3,3,3,2
15,29,30,31,25,26,10,29,18,6,32,-1,-1,-1,-1,-1,-1,-1,-1,0,0,1,0,0,0,1,2,2,2,1,0,0,1,0,0,1,1,3,1,0,0,0,1,2,1,4,2,2,3,2,3,2,2
21,30,32,28,26,26,16,-1,-1,-1,-1,-1,-1,-1,-1,-1,-1,-1,-1,1,0,0,0,0,0,0,0,0,3,0,0,0,0,0,0,1,0,1,0,0,1,0,0,0,0,3,1,1,3,3,3,2,0
15,26,27,31,32,8,1,4,20,5,-1,-1,-1,-1,-1,-1,-1,-1,-1,2,4,0,1,2,1,0,2,2,0,0,0,0,0,0,1,0,1,2,1,1,1,1,0,2,1,2,3,3,2,0,2,2,0
23,30,28,17,27,9,2,10,15,-1,-1,-1,-1,-1,-1,-1,-1,-1,-1,1,0,1,0,0,0,0,0,0,3,1,1,0,0,1,2,2,2,0,0,1,0,0,1,0,0,2,2,2,1,4,2,0,2
8,30,29,32,29,31,20,13,17,1,0,14,15,27,26,16,29,18,33,3,1,0,0,2,2,1,3,2,1,1,2,1,1,3,2,3,4,4,4,1,0,0,2,2,0,3,4,4,3,3,3,1,4
26,32,8,20,31,15,-1,-1,-1,-1,-1,-1,-1,-1,-1,-1,-1,-1,-1,0,0,0,1,0,0,0,1,1,1,0,0,0,0,0,2,0,1,1,1,1,0,0,0,0,0,2,1,0,2,1,1,1,0
24,29,16,10,31,30,12,9,26,23,22,32,-1,-1,-1,-1,-1,-1,-1,1,1,0,0,0,0,0,1,0,3,2,0,1,1,0,0,3,3,3,0,0,1,1,1,1,1,4,2,1,2,1,2,4,2
5,28,30,29,31,33,18,15,19,15,24,11,-1,-1,-1,-1,-1,-1,-1,1,1,0,0,1,1,0,1,0,3,1,1,0,1,0,3,4,2,3,2,1,0,0,2,2,0,1,2,3,1,3,4,1,3
16,27,31,32,17,10,14,30,33,1,25,30,26,11,-1,-1,-1,-1,-1,1,3,0,0,1,0,0,2,1,3,1,1,0,1,1,2,1,3,2,1,1,0,2,1,2,2,3,3,2,1,4,4,3,1
3,8,26,26,16,29,11,6,22,8,2,-1,-1,-1,-1,-1,-1,-1,-1,0,0,1,0,0,0,2,0,3,2,3,2,1,2,0,1,1,1,0,2,1,0,2,1,0,1,4,0,0,3,2,1,3,1
11,33,6,13,14,30,17,5,27,9,-1,-1,-1,-1,-1,-1,-1,-1,-1,0,0,0,1,0,1,2,0,1,1,1,1,1,1,1,1,1,2,2,0,0,0,0,0,1,0,1,2,3,2,3,2,0,3
4,33,28,23,27,31,22,31,2,6,3,27,-1,-1,-1,-1,-1,-1,-1,0,2,2,1,2,0,3,0,0,2,0,0,0,0,0,1,1,1,2,2,0,3,1,1,0,0,2,4,2,0,4,4,0,4
10,0,25,30,5,3,20,30,32,31,-1,-1,-1,-1,-1,-1,-1,-1,-1,2,2,1,1,1,3,0,0,2,3,1,0,0,0,0,0,1,0,1,1,2,0,1,0,0,2,2,0,3,0,4,2,2,2
5,32,27,33,27,28,25,22,15,-1,-1,-1,-1,-1,-1,-1,-1,-1,-1,1,1,2,0,0,1,0,0,2,0,0,1,0,0,0,1,0,1,1,1,0,0,1,2,0,2,1,3,2,2,3,0,1,3
20,8,33,27,10,12,12,14,24,-1,-1,-1,-1,-1,-1,-1,-1,-1,-1,1,0,0,0,0,0,0,0,3,0,2,1,2,0,2,0,0,3,1,1,0,0,0,1,2,0,1,4,2,1,1,2,1,2
25,30,31,12,13,6,7,24,-1,-1,-1,-1,-1,-1,-1,-1,-1,-1,-1,1,1,0,0,0,0,1,2,1,0,0,0,1,2,0,0,0,0,1,0,0,0,0,1,2,1,2,1,2,1,1,2,2,2
24,8,0,18,15,28,21,-1,-1,-1,-1,-1,-1,-1,-1,-1,-1,-1,-1,1,0,0,0,1,0,0,0,3,0,0,0,0,0,1,2,0,0,3,0,0,1,0,0,1,0,1,2,2,2,1,2,0,2
0,30,28,16,8,21,1,16,12,33,13,15,12,13,1,5,17,-1,-1,0,3,0,0,2,1,1,2,2,2,2,0,3,2,0,3,3,4,4,2,0,2,0,0,0,3,3,4,4,4,4,3,1,3
9,29,18,31,32,23,27,25,17,6,22,11,14,20,7,26,22,-1,-1,0,0,3,3,1,2,2,3,2,2,2,2,0,0,1,0,0,4,3,1,4,0,2,2,0,1,1,4,1,4,2,4,3,2
23,18,27,33,14,16,20,22,10,24,-1,-1,-1,-1,-1,-1,-1,-1,-1,1,1,0,0,0,0,0,1,1,1,1,0,0,1,1,0,1,2,4,0,1,0,1,0,2,0,2,3,3,0,0,4,0,3
5,18,18,8,30,28,7,29,19,10,18,13,32,13,6,-1,-1,-1,-1,3,1,0,1,1,1,4,2,3,1,2,3,2,3,0,2,1,3,3,3,1,0,0,0,0,0,1,1,4,3,3,3,2,4
9,26,31,33,1,20,-1,-1,-1,-1,-1,-1,-1,-1,-1,-1,-1,-1,-1,1,1,0,0,0,0,0,1,0,2,0,0,0,1,0,0,1,1,0,0,1,0,0,0,0,1,1,1,0,0,0,3,1,1
18,31,32,31,14,14,22,30,24,25,5,29,16,24,16,4,28,26,30,0,0,2,1,1,2,1,3,3,0,1,1,0,2,4,4,3,3,3,0,0,0,4,0,4,2,3,4,4,4,4,4,2,3
20,9,17,29,27,15,12,18,-1,-1,-1,-1,-1,-1,-1,-1,-1,-1,-1,0,1,1,1,0,1,0,0,0,1,1,0,1,0,0,1,0,4,3,0,0,0,0,0,1,1,1,2,2,3,3,0,1,2
9,30,33,32,27,7,22,5,29,8,1,0,-1,-1,-1,-1,-1,-1,-1,3,2,0,1,0,1,0,1,2,1,1,0,0,1,0,0,2,4,3,1,0,0,1,0,1,1,2,2,2,3,3,1,3,2
10,17,33,14,1,7,2,4,25,33,6,6,12,-1,-1,-1,-1,-1,-1,2,2,2,1,2,3,2,1,0,1,0,0,1,0,3,4,1,4,0,1,0,0,0,0,1,3,0,1,1,4,1,3,0,4
2,31,28,8,11,23,29,20,20,31,15,25,-1,-1,-1,-1,-1,-1,-1,1,0,0,0,1,0,0,0,1,0,2,3,1,0,0,2,0,1,1,0,3,0,0,2,0,3,4,4,3,3,1,4,1,2
2,8,0,28,29,31,27,13,15,16,-1,-1,-1,-1,-1,-1,-1,-1,-1,2,1,1,0,1,1,0,0,4,1,0,1,1,2,1,1,1,0,0,1,1,0,0,0,0,1,1,2,4,2,1,2,2,0
0,32,26,26,27,16,8,32,7,18,-1,-1,-1,-1,-1,-1,-1,-1,-1,2,0,0,1,0,0,1,2,4,2,1,0,0,0,0,0,1,4,1,1,0,1,0,0,1,1,4,2,0,2,4,2,3,1
21,18,0,17,0,28,30,18,7,27,33,14,33,4,33,28,8,-1,-1,4,3,0,2,1,0,1,4,1,2,1,0,0,1,2,2,3,3,4,1,3,0,0,4,0,2,2,4,4,0,3,4,2,3
10,0,30,28,33,-1,-1,-1,-1,-1,-1,-1,-1,-1,-1,-1,-1,-1,-1,2,0,0,0,0,0,0,0,2,0,1,0,0,1,0,2,0,0,1,0,1,0,0,0,0,0,0,0,1,2,2,1,2,2
6,30,18,33,32,5,13,23,27,24,19,1,14,12,10,26,15,13,12,1,2,2,0,0,2,0,0,2,2,2,1,3,3,3,3,1,3,4,2,3,0,0,2,4,0,3,3,4,4,4,2,4,3
6,29,16,7,26,32,28,24,17,15,-1,-1,-1,-1,-1,-1,-1,-1,-1,1,0,1,1,0,1,2,1,0,3,0,0,1,0,0,1,1,3,1,1,0,2,0,0,2,2,2,3,1,1,1,1,1,1
2,33,31,7,26,1,29,8,14,20,-1,-1,-1,-1,-1,-1,-1,-1,-1,1,1,0,1,0,0,0,2,2,0,3,0,0,3,2,0,0,1,2,0,1,1,0,0,0,0,3,0,0,2,2,2,4,2
18,0,31,25,15,9,11,6,32,24,1,1,2,7,-1,-1,-1,-1,-1,1,3,1,0,0,1,1,1,1,3,1,4,2,1,2,2,2,2,3,2,1,0,2,0,2,4,0,1,4,2,2,2,2,0
9,18,31,1,32,4,24,13,32,-1,-1,-1,-1,-1,-1,-1,-1,-1,-1,3,2,0,0,1,0,2,2,0,0,1,0,1,2,0,0,1,0,2,1,0,0,0,0,3,0,0,1,2,2,0,4,3,2
19,8,0,28,26,1,32,27,9,30,30,16,25,4,3,-1,-1,-1,-1,3,1,1,1,2,0,0,0,2,2,4,3,2,0,1,1,2,1,0,2,0,0,0,0,0,3,3,3,4,2,2,4,3,2
4,11,29,30,12,33,8,16,15,3,26,-1,-1,-1,-1,-1,-1,-1,-1,0,1,0,1,1,0,1,0,4,3,1,2,3,0,0,2,2,2,0,1,0,0,0,0,0,0,2,2,2,4,3,2,0,2
4,8,9,31,17,27,33,0,32,29,19,21,30,-1,-1,-1,-1,-1,-1,3,0,0,3,2,1,1,2,2,1,2,0,2,0,1,0,0,2,0,2,0,1,0,0,0,0,3,3,2,3,4,4,1,3
26,0,0,33,16,32,22,-1,-1,-1,-1,-1,-1,-1,-1,-1,-1,-1,-1,3,0,0,0,0,0,0,0,0,1,0,0,0,0,0,0,1,0,1,0,0,0,1,0,1,0,2,1,1,3,1,3,2,3
8,30,29,14,0,16,2,14,4,0,7,-1,-1,-1,-1,-1,-1,-1,-1,3,2,1,0,2,0,1,1,2,1,1,0,0,0,2,0,2,1,1,1,0,1,0,0,0,1,0,2,2,4,2,2,3,2
